target_id,Pathogens,Disease_name,source_db,query_used,status,records_found,ids_collected,records_parsed,countries_observed,started_at,finished_at,note,source_path,source_file,genbank_run_source
Alphainfluenzavirus_influenzae_H5N1__Influenza_H5N1_avian_influenza,Alphainfluenzavirus influenzae (H5N1),Influenza (H5N1 avian influenza),nuccore,"((txid11320[Organism:exp] OR txid2955291[Organism:exp])) AND ""H5N1""[All Fields]",success,196949,196949,196949,96,2026-04-24 16:27:32.555521,2026-04-24 17:21:14.237576,NA,/Users/arturtrebski/Coding_Projects/new_global_maxent/pathogen_association_data/staged/genbank_simple/local_runs/pathogen_runs/search_logs/Alphainfluenzavirus_influenzae_H5N1__Influenza_H5N1_avian_influenza.csv,Alphainfluenzavirus_influenzae_H5N1__Influenza_H5N1_avian_influenza.csv,standard_19_target_run
Alphavirus_chikungunya__Chikungunya_fever,Alphavirus chikungunya,Chikungunya fever,nuccore,"""Alphavirus chikungunya""[Organism] OR ""Chikungunya virus""[Organism] OR ""alphavirus chikungunya""[Organism] OR ""chikungunya virus""[Organism]",success,11893,11893,11893,115,2026-04-24 17:21:14.42612,2026-04-24 17:35:51.034968,NA,/Users/arturtrebski/Coding_Projects/new_global_maxent/pathogen_association_data/staged/genbank_simple/local_runs/pathogen_runs/search_logs/Alphavirus_chikungunya__Chikungunya_fever.csv,Alphavirus_chikungunya__Chikungunya_fever.csv,standard_19_target_run
Alphavirus_venezuelan__Venezuelan_equine_encephalitis,Alphavirus venezuelan,Venezuelan equine encephalitis,nuccore,"""Alphavirus venezuelan""[Organism]",success,696,696,696,19,2026-04-24 17:35:51.049727,2026-04-24 17:36:02.247099,NA,/Users/arturtrebski/Coding_Projects/new_global_maxent/pathogen_association_data/staged/genbank_simple/local_runs/pathogen_runs/search_logs/Alphavirus_venezuelan__Venezuelan_equine_encephalitis.csv,Alphavirus_venezuelan__Venezuelan_equine_encephalitis.csv,standard_19_target_run
Henipavirus_nipahense__Nipah_virus_disease,Henipavirus nipahense,Nipah virus disease,nuccore,"""Henipavirus nipahense""[Organism] OR ""Nipah virus""[Organism] OR ""henipavirus nipahense""[Organism]",success,427,427,427,8,2026-04-24 17:36:02.256858,2026-04-24 17:36:10.613643,NA,/Users/arturtrebski/Coding_Projects/new_global_maxent/pathogen_association_data/staged/genbank_simple/local_runs/pathogen_runs/search_logs/Henipavirus_nipahense__Nipah_virus_disease.csv,Henipavirus_nipahense__Nipah_virus_disease.csv,standard_19_target_run
Mammarenavirus_juninense__Argentine_hemorrhagic_fever,Mammarenavirus juninense,Argentine hemorrhagic fever,nuccore,"""Mammarenavirus juninense""[Organism] OR ""Junin virus""[Organism] OR ""mammarenavirus juninense""[Organism]",success,247,247,247,3,2026-04-24 17:36:10.621167,2026-04-24 17:36:17.262752,NA,/Users/arturtrebski/Coding_Projects/new_global_maxent/pathogen_association_data/staged/genbank_simple/local_runs/pathogen_runs/search_logs/Mammarenavirus_juninense__Argentine_hemorrhagic_fever.csv,Mammarenavirus_juninense__Argentine_hemorrhagic_fever.csv,standard_19_target_run
Mammarenavirus_lassaense__Lassa_fever,Mammarenavirus lassaense,Lassa fever,nuccore,"""Mammarenavirus lassaense""[Organism] OR ""mammarenavirus lassaense""[Organism]",success,2871,2871,2871,11,2026-04-24 17:36:17.267258,2026-04-24 17:37:04.158996,NA,/Users/arturtrebski/Coding_Projects/new_global_maxent/pathogen_association_data/staged/genbank_simple/local_runs/pathogen_runs/search_logs/Mammarenavirus_lassaense__Lassa_fever.csv,Mammarenavirus_lassaense__Lassa_fever.csv,standard_19_target_run
Orthobunyavirus_oropoucheense__Oropouche_fever,Orthobunyavirus oropoucheense,Oropouche fever,nuccore,"""Orthobunyavirus oropoucheense""[Organism] OR ""Oropouche virus""[Organism] OR ""orthobunyavirus oropoucheense""[Organism]",success,3317,3317,3317,15,2026-04-24 17:37:04.171613,2026-04-24 17:37:52.854321,NA,/Users/arturtrebski/Coding_Projects/new_global_maxent/pathogen_association_data/staged/genbank_simple/local_runs/pathogen_runs/search_logs/Orthobunyavirus_oropoucheense__Oropouche_fever.csv,Orthobunyavirus_oropoucheense__Oropouche_fever.csv,standard_19_target_run
Orthoebolavirus_sudanense__Sudan_virus_disease_Ebola_virus_disease,Orthoebolavirus sudanense,Sudan virus disease (Ebola virus disease),nuccore,"""Orthoebolavirus sudanense""[Organism] OR ""Sudan ebolavirus""[Organism] OR ""orthoebolavirus sudanense""[Organism]",success,169,169,169,4,2026-04-24 17:37:52.867258,2026-04-24 17:37:57.139224,NA,/Users/arturtrebski/Coding_Projects/new_global_maxent/pathogen_association_data/staged/genbank_simple/local_runs/pathogen_runs/search_logs/Orthoebolavirus_sudanense__Sudan_virus_disease_Ebola_virus_disease.csv,Orthoebolavirus_sudanense__Sudan_virus_disease_Ebola_virus_disease.csv,standard_19_target_run
Orthoebolavirus_zairense__Ebola_virus_disease,Orthoebolavirus zairense,Ebola virus disease,nuccore,"""Orthoebolavirus zairense""[Organism] OR ""Ebola virus""[Organism] OR ""orthoebolavirus zairense""[Organism]",success,3900,3900,3900,17,2026-04-24 17:37:57.143756,2026-04-24 17:40:39.836114,NA,/Users/arturtrebski/Coding_Projects/new_global_maxent/pathogen_association_data/staged/genbank_simple/local_runs/pathogen_runs/search_logs/Orthoebolavirus_zairense__Ebola_virus_disease.csv,Orthoebolavirus_zairense__Ebola_virus_disease.csv,standard_19_target_run
Orthoflavivirus_denguei__Dengue,Orthoflavivirus denguei,Dengue,nuccore,"""Orthoflavivirus denguei""[Organism] OR ""Dengue virus""[Organism] OR ""orthoflavivirus denguei""[Organism] OR ""dengue virus""[Organism]",success,57001,57001,57001,146,2026-04-24 17:40:39.84781,2026-04-24 18:01:26.046884,NA,/Users/arturtrebski/Coding_Projects/new_global_maxent/pathogen_association_data/staged/genbank_simple/local_runs/pathogen_runs/search_logs/Orthoflavivirus_denguei__Dengue.csv,Orthoflavivirus_denguei__Dengue.csv,standard_19_target_run
Orthoflavivirus_flavi__Yellow_fever,Orthoflavivirus flavi,Yellow fever,nuccore,"""Orthoflavivirus flavi""[Organism]",success,2352,2352,2352,42,2026-04-24 18:01:26.091648,2026-04-24 18:02:39.028824,NA,/Users/arturtrebski/Coding_Projects/new_global_maxent/pathogen_association_data/staged/genbank_simple/local_runs/pathogen_runs/search_logs/Orthoflavivirus_flavi__Yellow_fever.csv,Orthoflavivirus_flavi__Yellow_fever.csv,standard_19_target_run
Orthoflavivirus_nilense__West_Nile_fever,Orthoflavivirus nilense,West Nile fever,nuccore,"""Orthoflavivirus nilense""[Organism] OR ""West Nile virus""[Organism] OR ""orthoflavivirus nilense""[Organism] OR ""west nile virus""[Organism]",success,25278,25278,25278,73,2026-04-24 18:02:39.044828,2026-04-24 18:08:21.063033,NA,/Users/arturtrebski/Coding_Projects/new_global_maxent/pathogen_association_data/staged/genbank_simple/local_runs/pathogen_runs/search_logs/Orthoflavivirus_nilense__West_Nile_fever.csv,Orthoflavivirus_nilense__West_Nile_fever.csv,standard_19_target_run
Orthoflavivirus_zikaense__Zika_virus_disease,Orthoflavivirus zikaense,Zika virus disease,nuccore,"""Orthoflavivirus zikaense""[Organism] OR ""Zika virus""[Organism] OR ""orthoflavivirus zikaense""[Organism] OR ""zika virus""[Organism]",success,2726,2726,2726,79,2026-04-24 18:08:21.081868,2026-04-24 18:09:09.716091,NA,/Users/arturtrebski/Coding_Projects/new_global_maxent/pathogen_association_data/staged/genbank_simple/local_runs/pathogen_runs/search_logs/Orthoflavivirus_zikaense__Zika_virus_disease.csv,Orthoflavivirus_zikaense__Zika_virus_disease.csv,standard_19_target_run
Orthohantavirus_hantanense__Hemorrhagic_fever_with_renal_syndrome_Hantaan_virus,Orthohantavirus hantanense,Hemorrhagic fever with renal syndrome (Hantaan virus),nuccore,"""Orthohantavirus hantanense""[Organism] OR ""Hantaan orthohantavirus""[Organism] OR ""orthohantavirus hantanense""[Organism]",success,2353,2353,2353,5,2026-04-24 18:09:09.728483,2026-04-24 18:09:46.028822,NA,/Users/arturtrebski/Coding_Projects/new_global_maxent/pathogen_association_data/staged/genbank_simple/local_runs/pathogen_runs/search_logs/Orthohantavirus_hantanense__Hemorrhagic_fever_with_renal_syndrome_Hantaan_virus.csv,Orthohantavirus_hantanense__Hemorrhagic_fever_with_renal_syndrome_Hantaan_virus.csv,standard_19_target_run
Orthomarburgvirus_marburgense__Marburg_virus_disease,Orthomarburgvirus marburgense,Marburg virus disease,nuccore,"""Orthomarburgvirus marburgense""[Organism] OR ""Marburg virus""[Organism] OR ""orthomarburgvirus marburgense""[Organism]",success,416,416,416,16,2026-04-24 18:09:46.045588,2026-04-24 18:09:55.313911,NA,/Users/arturtrebski/Coding_Projects/new_global_maxent/pathogen_association_data/staged/genbank_simple/local_runs/pathogen_runs/search_logs/Orthomarburgvirus_marburgense__Marburg_virus_disease.csv,Orthomarburgvirus_marburgense__Marburg_virus_disease.csv,standard_19_target_run
Orthonairovirus_haemorrhagiae__Crimean_Congo_hemorrhagic_fever,Orthonairovirus haemorrhagiae,Crimean-Congo hemorrhagic fever,nuccore,"""Orthonairovirus haemorrhagiae""[Organism] OR ""orthonairovirus haemorrhagiae""[Organism]",success,5437,5437,5437,53,2026-04-24 18:09:55.321363,2026-04-24 18:12:27.922281,NA,/Users/arturtrebski/Coding_Projects/new_global_maxent/pathogen_association_data/staged/genbank_simple/local_runs/pathogen_runs/search_logs/Orthonairovirus_haemorrhagiae__Crimean_Congo_hemorrhagic_fever.csv,Orthonairovirus_haemorrhagiae__Crimean_Congo_hemorrhagic_fever.csv,standard_19_target_run
Orthopoxvirus_monkeypox__Mpox_Monkeypox,Orthopoxvirus monkeypox,Mpox (Monkeypox),nuccore,txid10244[Organism:exp] OR txid3431483[Organism:exp],success,12040,12040,12040,61,2026-04-24 18:12:27.938634,2026-04-24 20:56:44.506261,NA,/Users/arturtrebski/Coding_Projects/new_global_maxent/pathogen_association_data/staged/genbank_simple/local_runs/pathogen_runs/search_logs/Orthopoxvirus_monkeypox__Mpox_Monkeypox.csv,Orthopoxvirus_monkeypox__Mpox_Monkeypox.csv,standard_19_target_run
Phlebovirus_riftense__Rift_Valley_fever,Phlebovirus riftense,Rift Valley fever,nuccore,"""Phlebovirus riftense""[Organism] OR ""phlebovirus riftense""[Organism]",success,1946,1946,1946,33,2026-04-24 20:56:44.538494,2026-04-24 20:57:17.785869,NA,/Users/arturtrebski/Coding_Projects/new_global_maxent/pathogen_association_data/staged/genbank_simple/local_runs/pathogen_runs/search_logs/Phlebovirus_riftense__Rift_Valley_fever.csv,Phlebovirus_riftense__Rift_Valley_fever.csv,standard_19_target_run
Yersinia_pestis__Plague,Yersinia pestis,Plague,nuccore,"""Yersinia pestis""[Organism] OR ""yersinia pestis""[Organism]",success,483325,483325,483325,36,2026-04-27 10:08:22.436835,2026-04-27 15:07:20.047043,NA,/Users/arturtrebski/Coding_Projects/new_global_maxent/pathogen_association_data/staged/genbank_simple/local_runs/pathogen_runs/search_logs/Yersinia_pestis__Plague.csv,Yersinia_pestis__Plague.csv,standard_19_target_run
Alkhumra_hemorrhagic_fever_virus,Alkhumra hemorrhagic fever virus,Alkhurma,nuccore,txid172148[Organism:exp],success,78,78,78,2,2026-05-14 14:57:01.646577,2026-05-14 14:57:03.645504,NA,/Users/arturtrebski/Coding_Projects/new_global_maxent/pathogen_association_data/staged/genbank_simple/local_runs/pathogen_runs_readiness/search_logs/Alkhumra_hemorrhagic_fever_virus.csv,Alkhumra_hemorrhagic_fever_virus.csv,readiness_run
Alphainfluenzavirus_influenzae_H7N9,Alphainfluenzavirus influenzae (H7N9),Influenza (H7N9 avian influenza),nuccore,"((txid11320[Organism:exp] OR txid2955291[Organism:exp])) AND ""H7N9""[All Fields]",success,18008,18008,18008,20,2026-05-14 14:57:03.650134,2026-05-14 15:09:54.708536,NA,/Users/arturtrebski/Coding_Projects/new_global_maxent/pathogen_association_data/staged/genbank_simple/local_runs/pathogen_runs_readiness/search_logs/Alphainfluenzavirus_influenzae_H7N9.csv,Alphainfluenzavirus_influenzae_H7N9.csv,readiness_run
Alphavirus_barmah,Alphavirus barmah,Barmah Forest virus,nuccore,(txid11020[Organism:exp] OR txid3426294[Organism:exp]),success,178,178,178,2,2026-05-14 15:09:54.733411,2026-05-14 15:09:59.154265,NA,/Users/arturtrebski/Coding_Projects/new_global_maxent/pathogen_association_data/staged/genbank_simple/local_runs/pathogen_runs_readiness/search_logs/Alphavirus_barmah.csv,Alphavirus_barmah.csv,readiness_run
Alphavirus_everglades,Alphavirus everglades,Everglades,nuccore,txid2083198[Organism:exp],success,17,17,17,1,2026-05-14 15:09:59.158671,2026-05-14 15:10:00.680236,NA,/Users/arturtrebski/Coding_Projects/new_global_maxent/pathogen_association_data/staged/genbank_simple/local_runs/pathogen_runs_readiness/search_logs/Alphavirus_everglades.csv,Alphavirus_everglades.csv,readiness_run
Alphavirus_mayaro,Alphavirus mayaro,Mayaro,nuccore,(txid3426306[Organism:exp] OR txid59301[Organism:exp]),success,263,263,263,10,2026-05-14 15:10:00.683191,2026-05-14 15:10:06.828456,NA,/Users/arturtrebski/Coding_Projects/new_global_maxent/pathogen_association_data/staged/genbank_simple/local_runs/pathogen_runs_readiness/search_logs/Alphavirus_mayaro.csv,Alphavirus_mayaro.csv,readiness_run
Alphavirus_rossriver,Alphavirus rossriver,Ross River virus,nuccore,(txid11029[Organism:exp] OR txid3426314[Organism:exp]),success,716,716,716,7,2026-05-14 15:10:06.834104,2026-05-14 15:10:24.828524,NA,/Users/arturtrebski/Coding_Projects/new_global_maxent/pathogen_association_data/staged/genbank_simple/local_runs/pathogen_runs_readiness/search_logs/Alphavirus_rossriver.csv,Alphavirus_rossriver.csv,readiness_run
Babesia_microti,Babesia microti,Babesia microti,nuccore,txid5868[Organism:exp],success,5043,5043,5043,49,2026-05-14 15:10:24.837847,2026-05-14 15:12:16.272852,NA,/Users/arturtrebski/Coding_Projects/new_global_maxent/pathogen_association_data/staged/genbank_simple/local_runs/pathogen_runs_readiness/search_logs/Babesia_microti.csv,Babesia_microti.csv,readiness_run
Bacillus_anthracis,Bacillus anthracis,Anthrax,nuccore,txid1392[Organism:exp],success,55603,55603,55603,93,2026-05-14 15:12:16.285745,2026-05-14 18:07:39.960505,NA,/Users/arturtrebski/Coding_Projects/new_global_maxent/pathogen_association_data/staged/genbank_simple/local_runs/pathogen_runs_readiness/search_logs/Bacillus_anthracis.csv,Bacillus_anthracis.csv,readiness_run
Bandavirus_dabieense,Bandavirus dabieense,Severe fever with thrombocytopenia syndrome (SFTS),nuccore,(txid1933190[Organism:exp] OR txid2748958[Organism:exp]),success,10011,10011,10011,6,2026-05-14 18:07:39.989662,2026-05-14 18:15:56.944978,NA,/Users/arturtrebski/Coding_Projects/new_global_maxent/pathogen_association_data/staged/genbank_simple/local_runs/pathogen_runs_readiness/search_logs/Bandavirus_dabieense.csv,Bandavirus_dabieense.csv,readiness_run
Bartonella_bacilliformis,Bartonella bacilliformis,Bartonellosis,nuccore,txid774[Organism:exp],success,1768,1768,1768,4,2026-05-14 18:15:56.960398,2026-05-14 18:20:52.404953,NA,/Users/arturtrebski/Coding_Projects/new_global_maxent/pathogen_association_data/staged/genbank_simple/local_runs/pathogen_runs_readiness/search_logs/Bartonella_bacilliformis.csv,Bartonella_bacilliformis.csv,readiness_run
Baylisascaris_procyonis,Baylisascaris procyonis,Baylisascaris procyonis,nuccore,txid6259[Organism:exp],success,307,307,307,14,2026-05-14 18:20:52.420124,2026-05-14 18:20:58.084005,NA,/Users/arturtrebski/Coding_Projects/new_global_maxent/pathogen_association_data/staged/genbank_simple/local_runs/pathogen_runs_readiness/search_logs/Baylisascaris_procyonis.csv,Baylisascaris_procyonis.csv,readiness_run
Borrelia_hermsii,Borrelia hermsii,Borrelia hermsii,nuccore,txid140[Organism:exp],success,1126,1126,1126,2,2026-05-14 18:20:58.089882,2026-05-14 18:22:23.850537,NA,/Users/arturtrebski/Coding_Projects/new_global_maxent/pathogen_association_data/staged/genbank_simple/local_runs/pathogen_runs_readiness/search_logs/Borrelia_hermsii.csv,Borrelia_hermsii.csv,readiness_run
Burkholderia_pseudomallei,Burkholderia pseudomallei,Melioidosis,nuccore,txid28450[Organism:exp],skipped_records_found_exceeds_limit,735309,0,0,0,2026-05-14 18:22:24.493204,2026-05-14 18:22:24.493282,records_found_exceeds_limit:735309>100000,/Users/arturtrebski/Coding_Projects/new_global_maxent/pathogen_association_data/staged/genbank_simple/local_runs/pathogen_runs_readiness/search_logs/Burkholderia_pseudomallei.csv,Burkholderia_pseudomallei.csv,readiness_run
Capripoxvirus_lumpyskinpox,Capripoxvirus lumpyskinpox,Lumpy skin disease,nuccore,(txid3427718[Organism:exp] OR txid59509[Organism:exp]),success,2760,2760,2760,58,2026-05-14 18:22:24.495836,2026-05-14 18:24:02.57678,NA,/Users/arturtrebski/Coding_Projects/new_global_maxent/pathogen_association_data/staged/genbank_simple/local_runs/pathogen_runs_readiness/search_logs/Capripoxvirus_lumpyskinpox.csv,Capripoxvirus_lumpyskinpox.csv,readiness_run
Coltivirus_dermacentoris,Coltivirus dermacentoris,Colorado tick fever,nuccore,(txid2748762[Organism:exp] OR txid3428066[Organism:exp]),success,491,491,491,2,2026-05-14 18:24:02.592124,2026-05-14 18:24:11.023451,NA,/Users/arturtrebski/Coding_Projects/new_global_maxent/pathogen_association_data/staged/genbank_simple/local_runs/pathogen_runs_readiness/search_logs/Coltivirus_dermacentoris.csv,Coltivirus_dermacentoris.csv,readiness_run
Coxiella_burnetii,Coxiella burnetii,Q fever,nuccore,txid777[Organism:exp],success,14628,14628,14628,61,2026-05-14 18:24:11.030931,2026-05-14 18:46:51.93922,NA,/Users/arturtrebski/Coding_Projects/new_global_maxent/pathogen_association_data/staged/genbank_simple/local_runs/pathogen_runs_readiness/search_logs/Coxiella_burnetii.csv,Coxiella_burnetii.csv,readiness_run
Eastern_equine_encephalitis_virus,Eastern equine encephalitis virus,EEE,nuccore,txid11021[Organism:exp],success,1436,1436,1436,20,2026-05-14 18:46:51.955835,2026-05-14 18:47:22.102978,NA,/Users/arturtrebski/Coding_Projects/new_global_maxent/pathogen_association_data/staged/genbank_simple/local_runs/pathogen_runs_readiness/search_logs/Eastern_equine_encephalitis_virus.csv,Eastern_equine_encephalitis_virus.csv,readiness_run
Ehrlichia_chaffeensis,Ehrlichia chaffeensis,Ehrlichia chaffeensis,nuccore,txid945[Organism:exp],success,604,604,604,18,2026-05-14 18:47:22.121232,2026-05-14 18:47:49.319017,NA,/Users/arturtrebski/Coding_Projects/new_global_maxent/pathogen_association_data/staged/genbank_simple/local_runs/pathogen_runs_readiness/search_logs/Ehrlichia_chaffeensis.csv,Ehrlichia_chaffeensis.csv,readiness_run
Francisella_tularensis,Francisella tularensis,Tularemia,nuccore,txid263[Organism:exp],skipped_records_found_exceeds_limit,161169,0,0,0,2026-05-14 18:47:49.975009,2026-05-14 18:47:49.975091,records_found_exceeds_limit:161169>100000,/Users/arturtrebski/Coding_Projects/new_global_maxent/pathogen_association_data/staged/genbank_simple/local_runs/pathogen_runs_readiness/search_logs/Francisella_tularensis.csv,Francisella_tularensis.csv,readiness_run
Henipavirus_hendraense,Henipavirus hendraense,Hendra,nuccore,txid3052223[Organism:exp],success,252,252,252,2,2026-05-14 18:47:49.977792,2026-05-14 18:47:58.469174,NA,/Users/arturtrebski/Coding_Projects/new_global_maxent/pathogen_association_data/staged/genbank_simple/local_runs/pathogen_runs_readiness/search_logs/Henipavirus_hendraense.csv,Henipavirus_hendraense.csv,readiness_run
Leishmania_aethiopica,Leishmania aethiopica,Leishmania aethiopica,nuccore,txid5667[Organism:exp],success,303,303,303,3,2026-05-14 18:47:58.474469,2026-05-14 18:48:09.068361,NA,/Users/arturtrebski/Coding_Projects/new_global_maxent/pathogen_association_data/staged/genbank_simple/local_runs/pathogen_runs_readiness/search_logs/Leishmania_aethiopica.csv,Leishmania_aethiopica.csv,readiness_run
Lyssavirus_australis,Lyssavirus australis,Australian bat lyssavirus,nuccore,txid90961[Organism:exp],success,120,120,120,1,2026-05-14 18:48:09.074582,2026-05-14 18:48:11.735492,NA,/Users/arturtrebski/Coding_Projects/new_global_maxent/pathogen_association_data/staged/genbank_simple/local_runs/pathogen_runs_readiness/search_logs/Lyssavirus_australis.csv,Lyssavirus_australis.csv,readiness_run
Lyssavirus_bokeloh,Lyssavirus bokeloh,Bokeloh bat lyssavirus,nuccore,txid1072176[Organism:exp],success,12,12,12,3,2026-05-14 18:48:11.73945,2026-05-14 18:48:13.319279,NA,/Users/arturtrebski/Coding_Projects/new_global_maxent/pathogen_association_data/staged/genbank_simple/local_runs/pathogen_runs_readiness/search_logs/Lyssavirus_bokeloh.csv,Lyssavirus_bokeloh.csv,readiness_run
Lyssavirus_duvenhage,Lyssavirus duvenhage,Duvenhage,nuccore,txid38767[Organism:exp],success,50,50,50,3,2026-05-14 18:48:13.322279,2026-05-14 18:48:14.748319,NA,/Users/arturtrebski/Coding_Projects/new_global_maxent/pathogen_association_data/staged/genbank_simple/local_runs/pathogen_runs_readiness/search_logs/Lyssavirus_duvenhage.csv,Lyssavirus_duvenhage.csv,readiness_run
Lyssavirus_irkut,Lyssavirus irkut,Irkut,nuccore,txid249583[Organism:exp],success,9,9,9,2,2026-05-14 18:48:14.751131,2026-05-14 18:48:16.548553,NA,/Users/arturtrebski/Coding_Projects/new_global_maxent/pathogen_association_data/staged/genbank_simple/local_runs/pathogen_runs_readiness/search_logs/Lyssavirus_irkut.csv,Lyssavirus_irkut.csv,readiness_run
Lyssavirus_rabies,Lyssavirus rabies,Rabies,nuccore,txid11292[Organism:exp],success,32657,32657,32657,138,2026-05-14 18:48:16.551509,2026-05-14 19:06:01.373119,NA,/Users/arturtrebski/Coding_Projects/new_global_maxent/pathogen_association_data/staged/genbank_simple/local_runs/pathogen_runs_readiness/search_logs/Lyssavirus_rabies.csv,Lyssavirus_rabies.csv,readiness_run
Mammarenavirus_guanaritoense,Mammarenavirus guanaritoense,Guanarito,nuccore,txid3052307[Organism:exp],success,160,160,160,3,2026-05-14 19:06:01.39738,2026-05-14 19:06:04.240016,NA,/Users/arturtrebski/Coding_Projects/new_global_maxent/pathogen_association_data/staged/genbank_simple/local_runs/pathogen_runs_readiness/search_logs/Mammarenavirus_guanaritoense.csv,Mammarenavirus_guanaritoense.csv,readiness_run
Mammarenavirus_lujoense,Mammarenavirus lujoense,Lujo hemorrhagic fever,nuccore,txid3052314[Organism:exp],success,11,11,11,3,2026-05-14 19:06:04.244287,2026-05-14 19:06:05.328047,NA,/Users/arturtrebski/Coding_Projects/new_global_maxent/pathogen_association_data/staged/genbank_simple/local_runs/pathogen_runs_readiness/search_logs/Mammarenavirus_lujoense.csv,Mammarenavirus_lujoense.csv,readiness_run
Mammarenavirus_machupoense,Mammarenavirus machupoense,Machupo,nuccore,txid3052317[Organism:exp],success,177,177,177,3,2026-05-14 19:06:05.330669,2026-05-14 19:06:08.244662,NA,/Users/arturtrebski/Coding_Projects/new_global_maxent/pathogen_association_data/staged/genbank_simple/local_runs/pathogen_runs_readiness/search_logs/Mammarenavirus_machupoense.csv,Mammarenavirus_machupoense.csv,readiness_run
Onyong_nyong_virus,Onyong-nyong virus,O'nyong-nyong,nuccore,txid2169701[Organism:exp],success,33,33,33,5,2026-05-14 19:06:08.248731,2026-05-14 19:06:09.543072,NA,/Users/arturtrebski/Coding_Projects/new_global_maxent/pathogen_association_data/staged/genbank_simple/local_runs/pathogen_runs_readiness/search_logs/Onyong_nyong_virus.csv,Onyong_nyong_virus.csv,readiness_run
Orbivirus_alphaequi,Orbivirus alphaequi,African horse sickness,nuccore,txid40050[Organism:exp],success,3238,3238,3238,14,2026-05-14 19:06:09.545564,2026-05-14 19:07:02.702298,NA,/Users/arturtrebski/Coding_Projects/new_global_maxent/pathogen_association_data/staged/genbank_simple/local_runs/pathogen_runs_readiness/search_logs/Orbivirus_alphaequi.csv,Orbivirus_alphaequi.csv,readiness_run
Orbivirus_caerulinguae,Orbivirus caerulinguae,Bluetongue,nuccore,(txid3431240[Organism:exp] OR txid40051[Organism:exp]),success,13345,13345,13345,78,2026-05-14 19:07:02.714169,2026-05-14 19:11:05.317162,NA,/Users/arturtrebski/Coding_Projects/new_global_maxent/pathogen_association_data/staged/genbank_simple/local_runs/pathogen_runs_readiness/search_logs/Orbivirus_caerulinguae.csv,Orbivirus_caerulinguae.csv,readiness_run
Orbivirus_ruminantium,Orbivirus ruminantium,Epizootic haemorrhagic disease,nuccore,(txid3431252[Organism:exp] OR txid40054[Organism:exp]),success,2023,2023,2023,23,2026-05-14 19:11:05.332686,2026-05-14 19:11:41.15618,NA,/Users/arturtrebski/Coding_Projects/new_global_maxent/pathogen_association_data/staged/genbank_simple/local_runs/pathogen_runs_readiness/search_logs/Orbivirus_ruminantium.csv,Orbivirus_ruminantium.csv,readiness_run
Orientia_tsutsugamushi,Orientia tsutsugamushi,Scrub typhus,nuccore,txid784[Organism:exp],success,10080,10080,10080,19,2026-05-14 19:11:41.169821,2026-05-14 19:18:16.529957,NA,/Users/arturtrebski/Coding_Projects/new_global_maxent/pathogen_association_data/staged/genbank_simple/local_runs/pathogen_runs_readiness/search_logs/Orientia_tsutsugamushi.csv,Orientia_tsutsugamushi.csv,readiness_run
Orthobornavirus_bornaense,Orthobornavirus bornaense,Borna disease (encephalitis),nuccore,txid1714619[Organism:exp],success,461,461,461,10,2026-05-14 19:18:16.543228,2026-05-14 19:18:26.346239,NA,/Users/arturtrebski/Coding_Projects/new_global_maxent/pathogen_association_data/staged/genbank_simple/local_runs/pathogen_runs_readiness/search_logs/Orthobornavirus_bornaense.csv,Orthobornavirus_bornaense.csv,readiness_run
Orthobunyavirus_jamestownense,Orthobunyavirus jamestownense,Jamestown Canyon,nuccore,txid3052402[Organism:exp],success,450,450,450,7,2026-05-14 19:18:26.353414,2026-05-14 19:18:34.854089,NA,/Users/arturtrebski/Coding_Projects/new_global_maxent/pathogen_association_data/staged/genbank_simple/local_runs/pathogen_runs_readiness/search_logs/Orthobunyavirus_jamestownense.csv,Orthobunyavirus_jamestownense.csv,readiness_run
Orthobunyavirus_lacrosseense,Orthobunyavirus lacrosseense,La Crosse encephalitis,nuccore,txid3052409[Organism:exp],success,414,414,414,1,2026-05-14 19:18:34.861526,2026-05-14 19:18:44.60917,NA,/Users/arturtrebski/Coding_Projects/new_global_maxent/pathogen_association_data/staged/genbank_simple/local_runs/pathogen_runs_readiness/search_logs/Orthobunyavirus_lacrosseense.csv,Orthobunyavirus_lacrosseense.csv,readiness_run
Orthobunyavirus_schmallenbergense,Orthobunyavirus schmallenbergense,Schmallenberg,nuccore,(txid159141[Organism:exp] OR txid159150[Organism:exp] OR txid3052437[Organism:exp]),success,553,553,553,18,2026-05-14 19:18:44.615636,2026-05-14 19:18:53.78315,NA,/Users/arturtrebski/Coding_Projects/new_global_maxent/pathogen_association_data/staged/genbank_simple/local_runs/pathogen_runs_readiness/search_logs/Orthobunyavirus_schmallenbergense.csv,Orthobunyavirus_schmallenbergense.csv,readiness_run
Orthoflavivirus_encephalitidis,Orthoflavivirus encephalitidis,Tick-borne encephalitis,nuccore,(txid11084[Organism:exp] OR txid3052465[Organism:exp]),success,3621,3621,3621,37,2026-05-14 19:18:53.791798,2026-05-14 19:19:56.412674,NA,/Users/arturtrebski/Coding_Projects/new_global_maxent/pathogen_association_data/staged/genbank_simple/local_runs/pathogen_runs_readiness/search_logs/Orthoflavivirus_encephalitidis.csv,Orthoflavivirus_encephalitidis.csv,readiness_run
Orthoflavivirus_japonicum,Orthoflavivirus japonicum,Japanese encephalitis,nuccore,(txid11072[Organism:exp] OR txid3048158[Organism:exp]),success,4026,4026,4026,22,2026-05-14 19:19:56.424626,2026-05-14 19:21:04.107627,NA,/Users/arturtrebski/Coding_Projects/new_global_maxent/pathogen_association_data/staged/genbank_simple/local_runs/pathogen_runs_readiness/search_logs/Orthoflavivirus_japonicum.csv,Orthoflavivirus_japonicum.csv,readiness_run
Orthoflavivirus_kyasanurense,Orthoflavivirus kyasanurense,Kyasanur Forest disease,nuccore,(txid3048170[Organism:exp] OR txid33743[Organism:exp]),success,403,403,403,4,2026-05-14 19:21:04.118053,2026-05-14 19:21:12.533809,NA,/Users/arturtrebski/Coding_Projects/new_global_maxent/pathogen_association_data/staged/genbank_simple/local_runs/pathogen_runs_readiness/search_logs/Orthoflavivirus_kyasanurense.csv,Orthoflavivirus_kyasanurense.csv,readiness_run
Orthoflavivirus_louisense,Orthoflavivirus louisense,St. Louis encephalitis,nuccore,(txid11080[Organism:exp] OR txid3052468[Organism:exp]),success,559,559,559,12,2026-05-14 19:21:12.545888,2026-05-14 19:21:26.388006,NA,/Users/arturtrebski/Coding_Projects/new_global_maxent/pathogen_association_data/staged/genbank_simple/local_runs/pathogen_runs_readiness/search_logs/Orthoflavivirus_louisense.csv,Orthoflavivirus_louisense.csv,readiness_run
Orthoflavivirus_murrayense,Orthoflavivirus murrayense,Murray Valley encephalitis,nuccore,(txid11079[Organism:exp] OR txid3048215[Organism:exp]),success,364,364,364,3,2026-05-14 19:21:26.396362,2026-05-14 19:21:34.939153,NA,/Users/arturtrebski/Coding_Projects/new_global_maxent/pathogen_association_data/staged/genbank_simple/local_runs/pathogen_runs_readiness/search_logs/Orthoflavivirus_murrayense.csv,Orthoflavivirus_murrayense.csv,readiness_run
Orthoflavivirus_omskense,Orthoflavivirus omskense,Omsk HF,nuccore,(txid12542[Organism:exp] OR txid3048233[Organism:exp]),success,135,135,135,1,2026-05-14 19:21:34.945302,2026-05-14 19:21:37.570088,NA,/Users/arturtrebski/Coding_Projects/new_global_maxent/pathogen_association_data/staged/genbank_simple/local_runs/pathogen_runs_readiness/search_logs/Orthoflavivirus_omskense.csv,Orthoflavivirus_omskense.csv,readiness_run
Orthoflavivirus_powassanense,Orthoflavivirus powassanense,Powassan,nuccore,(txid11083[Organism:exp] OR txid3048287[Organism:exp]),success,709,709,709,3,2026-05-14 19:21:37.57408,2026-05-14 19:21:50.198884,NA,/Users/arturtrebski/Coding_Projects/new_global_maxent/pathogen_association_data/staged/genbank_simple/local_runs/pathogen_runs_readiness/search_logs/Orthoflavivirus_powassanense.csv,Orthoflavivirus_powassanense.csv,readiness_run
Orthohantavirus_andesense,Orthohantavirus andesense,Andes,nuccore,txid1980456[Organism:exp],success,739,739,739,8,2026-05-14 19:21:50.208331,2026-05-14 19:22:02.593888,NA,/Users/arturtrebski/Coding_Projects/new_global_maxent/pathogen_association_data/staged/genbank_simple/local_runs/pathogen_runs_readiness/search_logs/Orthohantavirus_andesense.csv,Orthohantavirus_andesense.csv,readiness_run
Orthohantavirus_bayoui,Orthohantavirus bayoui,Bayou,nuccore,txid3052470[Organism:exp],success,22,22,22,2,2026-05-14 19:22:02.604727,2026-05-14 19:22:03.872092,NA,/Users/arturtrebski/Coding_Projects/new_global_maxent/pathogen_association_data/staged/genbank_simple/local_runs/pathogen_runs_readiness/search_logs/Orthohantavirus_bayoui.csv,Orthohantavirus_bayoui.csv,readiness_run
Orthohantavirus_prospectense,Orthohantavirus prospectense,Prospect Hill,nuccore,txid3052492[Organism:exp],success,24,24,24,1,2026-05-14 19:22:03.874547,2026-05-14 19:22:05.43373,NA,/Users/arturtrebski/Coding_Projects/new_global_maxent/pathogen_association_data/staged/genbank_simple/local_runs/pathogen_runs_readiness/search_logs/Orthohantavirus_prospectense.csv,Orthohantavirus_prospectense.csv,readiness_run
Orthohantavirus_sinnombreense,Orthohantavirus sinnombreense,Hantavirus pulmonary syndrome; Sin Nombre,nuccore,(txid3052499[Organism:exp] OR txid44755[Organism:exp]),success,480,480,480,2,2026-05-14 19:22:05.436286,2026-05-14 19:22:14.800497,NA,/Users/arturtrebski/Coding_Projects/new_global_maxent/pathogen_association_data/staged/genbank_simple/local_runs/pathogen_runs_readiness/search_logs/Orthohantavirus_sinnombreense.csv,Orthohantavirus_sinnombreense.csv,readiness_run
Orthoreovirus_mammalis,Orthoreovirus mammalis,Reovirus infection (usually mild),nuccore,txid351073[Organism:exp],success,2427,2427,2427,25,2026-05-14 19:22:14.808814,2026-05-14 19:22:53.077058,NA,/Users/arturtrebski/Coding_Projects/new_global_maxent/pathogen_association_data/staged/genbank_simple/local_runs/pathogen_runs_readiness/search_logs/Orthoreovirus_mammalis.csv,Orthoreovirus_mammalis.csv,readiness_run
Pararubulavirus_menangleense,Pararubulavirus menangleense,Menangle,nuccore,txid3052599[Organism:exp],success,7,7,7,1,2026-05-14 19:22:53.087985,2026-05-14 19:22:54.245968,NA,/Users/arturtrebski/Coding_Projects/new_global_maxent/pathogen_association_data/staged/genbank_simple/local_runs/pathogen_runs_readiness/search_logs/Pararubulavirus_menangleense.csv,Pararubulavirus_menangleense.csv,readiness_run
Paslahepevirus_balayani,Paslahepevirus balayani,Hepatitis E,nuccore,txid1678143[Organism:exp],success,12114,12114,12114,62,2026-05-14 19:22:54.24897,2026-05-14 19:26:27.218955,NA,/Users/arturtrebski/Coding_Projects/new_global_maxent/pathogen_association_data/staged/genbank_simple/local_runs/pathogen_runs_readiness/search_logs/Paslahepevirus_balayani.csv,Paslahepevirus_balayani.csv,readiness_run
Plasmodium_knowlesi,Plasmodium knowlesi,Zoonotic malaria (P. knowlesi),nuccore,txid5850[Organism:exp],success,8921,8921,8921,16,2026-05-14 19:26:27.237004,2026-05-14 19:30:18.0026,NA,/Users/arturtrebski/Coding_Projects/new_global_maxent/pathogen_association_data/staged/genbank_simple/local_runs/pathogen_runs_readiness/search_logs/Plasmodium_knowlesi.csv,Plasmodium_knowlesi.csv,readiness_run
Rickettsia_conorii_subsp_indica,Rickettsia conorii subsp. indica,Rickettsia conorii indica,nuccore,txid317865[Organism:exp],success,45,45,45,3,2026-05-14 19:30:18.016724,2026-05-14 19:30:19.961475,NA,/Users/arturtrebski/Coding_Projects/new_global_maxent/pathogen_association_data/staged/genbank_simple/local_runs/pathogen_runs_readiness/search_logs/Rickettsia_conorii_subsp_indica.csv,Rickettsia_conorii_subsp_indica.csv,readiness_run
Rickettsia_rickettsii,Rickettsia rickettsii,Brazilian spotted fever,nuccore,txid783[Organism:exp],success,1573,1573,1573,11,2026-05-14 19:30:19.964287,2026-05-14 19:31:56.257399,NA,/Users/arturtrebski/Coding_Projects/new_global_maxent/pathogen_association_data/staged/genbank_simple/local_runs/pathogen_runs_readiness/search_logs/Rickettsia_rickettsii.csv,Rickettsia_rickettsii.csv,readiness_run
Rickettsia_typhi,Rickettsia typhi,Murine typhus,nuccore,txid785[Organism:exp],success,7613,7613,7613,21,2026-05-14 19:31:56.277355,2026-05-14 19:34:05.638849,NA,/Users/arturtrebski/Coding_Projects/new_global_maxent/pathogen_association_data/staged/genbank_simple/local_runs/pathogen_runs_readiness/search_logs/Rickettsia_typhi.csv,Rickettsia_typhi.csv,readiness_run
Rocio_virus,Rocio virus,Rocio,nuccore,txid64315[Organism:exp],success,23,23,23,1,2026-05-14 19:34:05.653376,2026-05-14 19:34:07.267047,NA,/Users/arturtrebski/Coding_Projects/new_global_maxent/pathogen_association_data/staged/genbank_simple/local_runs/pathogen_runs_readiness/search_logs/Rocio_virus.csv,Rocio_virus.csv,readiness_run
Trypanosoma_cruzi,Trypanosoma cruzi,Chagas (acute),nuccore,txid5693[Organism:exp],skipped_records_found_exceeds_limit,191310,0,0,0,2026-05-14 19:34:07.748165,2026-05-14 19:34:07.748247,records_found_exceeds_limit:191310>100000,/Users/arturtrebski/Coding_Projects/new_global_maxent/pathogen_association_data/staged/genbank_simple/local_runs/pathogen_runs_readiness/search_logs/Trypanosoma_cruzi.csv,Trypanosoma_cruzi.csv,readiness_run
Western_equine_encephalitis_virus,Western equine encephalitis virus,WEE,nuccore,txid11039[Organism:exp],success,225,225,225,10,2026-05-14 19:34:07.750837,2026-05-14 19:34:11.981384,NA,/Users/arturtrebski/Coding_Projects/new_global_maxent/pathogen_association_data/staged/genbank_simple/local_runs/pathogen_runs_readiness/search_logs/Western_equine_encephalitis_virus.csv,Western_equine_encephalitis_virus.csv,readiness_run
